-- data bellow was generated by AI


-- Seed data for kategori_kelas

INSERT INTO kategori_kelas (kategori) VALUES
  ('Design'),
  ('Development'),
  ('Programming'),
  ('Marketing'),
  ('Business'),
  ('Photography'),
  ('Data Science'),
  ('Personal Development');

-- Seed data for kategori_kelas

INSERT INTO kategori_kelas (kategori) VALUES
  ('Design'),
  ('Development'),
  ('Programming'),
  ('Marketing'),
  ('Business'),
  ('Photography'),
  ('Data Science'),
  ('Personal Development');

-- Seed data for tutor

INSERT INTO tutor (nama, profil, profil_kerja) VALUES
  (
    'Aulia Rahman',
    'Seorang desainer UI/UX dengan pengalaman lebih dari 5 tahun dalam merancang antarmuka yang intuitif dan estetis untuk berbagai aplikasi mobile dan web.',
    'UI/UX Designer di TechIndo'
  ),
  (
    'Budi Santoso',
    'Web developer full-stack yang ahli dalam pengembangan aplikasi berbasis React, Node.js, dan TypeScript, serta berpengalaman dalam membangun sistem skala besar.',
    'Senior Web Developer di DevJakarta'
  ),
  (
    'Citra Dewi',
    'Digital marketer dengan fokus pada strategi media sosial, kampanye iklan digital, dan optimasi konten yang terbukti meningkatkan engagement dan konversi.',
    'Digital Marketing Specialist di SocialBoost'
  ),
  (
    'Dian Pratama',
    'Instruktur data science yang berpengalaman dalam mengajar Python, statistik, dan machine learning untuk berbagai latar belakang peserta.',
    'Data Science Instructor di Akademi Data Indonesia'
  ),
  (
    'Eka Putri',
    'Videografer profesional yang menguasai teknik pengambilan gambar, editing video, dan storytelling visual untuk konten kreatif dan komersial.',
    'Videographer di CreativeStudio ID'
  );


-- Seed data for users

INSERT INTO users (nama_lengkap, jenis_kelamin, no_hp, email, kata_sandi, profil_pict) VALUES
  (
    'Rizky Maulana',
    'Laki-laki',
    628123456789,
    'rizky.maulana@example.com',
    'password123',
    'https://example.com/images/rizky.jpg'
  ),
  (
    'Siti Nurhaliza',
    'Perempuan',
    628223456789,
    'siti.nurhaliza@example.com',
    'rahasia321',
    'https://example.com/images/siti.jpg'
  ),
  (
    'Ahmad Fauzi',
    'Laki-laki',
    628323456789,
    'ahmad.fauzi@example.com',
    'fauzi987',
    NULL
  ),
  (
    'Dewi Kartika',
    'Perempuan',
    628423456789,
    'dewi.kartika@example.com',
    'kartika456',
    'https://example.com/images/dewi.jpg'
  ),
  (
    'Yusuf Ardiansyah',
    'Laki-laki',
    628523456789,
    'yusuf.ardiansyah@example.com',
    'supersecure',
    NULL
  );

-- Seed data for produk (with pre-filled review_count and average_rating)

INSERT INTO produk (
  id,
  tutor_id,
  kategori_kelas,
  judul,
  tagline,
  deskripsi,
  created_at,
  review_count,
  average_rating
) VALUES
  (
    1,
    1,
    1,
    'Desain UI/UX untuk Pemula',
    'Pelajari dasar desain yang menarik dan fungsional',
    'Kelas ini akan membimbing Anda memahami prinsip desain UI/UX dengan studi kasus langsung dari dunia kerja.',
    CURRENT_DATE,
    1,
    5.0
  ),
  (
    2,
    2,
    2,
    'Membangun Website Modern dengan React',
    'React dari nol hingga mahir',
    'Pelajari cara membangun aplikasi web SPA menggunakan React, React Router, dan integrasi backend sederhana.',
    CURRENT_DATE,
    3,
    4.0
  ),
  (
    3,
    3,
    4,
    'Strategi Digital Marketing 2025',
    'Tingkatkan bisnismu dengan strategi online terbaru',
    'Kuasai teknik pemasaran digital, SEO, media sosial, dan iklan berbayar untuk mendongkrak penjualan online.',
    CURRENT_DATE,
    2,
    3.5
  ),
  (
    4,
    4,
    7,
    'Data Science dengan Python',
    'Dari dasar hingga prediksi machine learning',
    'Mulai dari Python dasar hingga proyek prediktif menggunakan Pandas, Scikit-learn, dan Matplotlib.',
    CURRENT_DATE,
    0,
    NULL
  ),
  (
    5,
    5,
    6,
    'Teknik Videografi untuk Konten Kreator',
    'Video sinematik dari ponselmu',
    'Pelajari teknik pengambilan gambar, angle, lighting, dan editing video untuk konten YouTube dan Instagram.',
    CURRENT_DATE,
    0,
    NULL
  );

-- Seed data for pretest (one per produk)

INSERT INTO pretest (id, produk_id, quiz) VALUES
  (
    1,
    1,
    '{"question": "Apa itu wireframe dalam desain UI?", "answer": "Sketsa awal struktur tampilan antarmuka."}'
  ),
  (
    2,
    2,
    '{"question": "Apa fungsi dari React useState?", "answer": "Untuk menyimpan dan memperbarui state komponen."}'
  ),
  (
    3,
    3,
    '{"question": "Apa itu CTR dalam digital marketing?", "answer": "Click-Through Rate, rasio klik terhadap jumlah tayangan."}'
  ),
  (
    4,
    4,
    '{"question": "Apa itu supervised learning?", "answer": "Algoritma machine learning yang dilatih dengan data berlabel."}'
  ),
  (
    5,
    5,
    '{"question": "Apa itu rule of thirds dalam videografi?", "answer": "Komposisi visual yang membagi frame menjadi 9 bagian."}'
  );


-- Seed data for modul_kelas

INSERT INTO modul_kelas (produk_id, judul) VALUES
  (1, 'Pengenalan UI/UX'),
  (1, 'Wireframe dan Prototyping'),

  (2, 'Dasar React'),
  (2, 'Routing dan Komponen'),
  (2, 'State Management'),

  (3, 'Dasar Digital Marketing'),
  (3, 'Strategi Konten Sosial Media'),

  (4, 'Python untuk Data Science'),
  (4, 'Model Machine Learning'),

  (5, 'Teknik Pengambilan Gambar'),
  (5, 'Editing Video Dasar');


-- Seed data for material

INSERT INTO material (modul_kelas_id, quiz, video_link) VALUES
  (1, '{"question": "Apa perbedaan antara UI dan UX?", "answer": "UI adalah antarmuka, UX adalah pengalaman pengguna."}', 'https://youtu.be/uiux1'),
  (2, '{"question": "Apa itu prototype?", "answer": "Simulasi interaktif dari desain aplikasi."}', 'https://youtu.be/prototype1'),

  (3, '{"question": "Apa itu JSX?", "answer": "Sintaks seperti HTML dalam JavaScript."}', 'https://youtu.be/reactjsx'),
  (4, '{"question": "Apa itu React Router?", "answer": "Library routing untuk React."}', 'https://youtu.be/reactrouter'),
  (5, '{"question": "Apa itu useReducer?", "answer": "Hook untuk state kompleks dalam React."}', 'https://youtu.be/usereducer'),

  (6, '{"question": "Apa itu funnel marketing?", "answer": "Proses menarik prospek hingga konversi."}', 'https://youtu.be/funnel'),
  (7, '{"question": "Platform mana yang cocok untuk branding visual?", "answer": "Instagram dan Pinterest."}', 'https://youtu.be/branding'),

  (8, '{"question": "Apa itu list comprehension di Python?", "answer": "Cara singkat membuat list dari iterable."}', 'https://youtu.be/listcomp'),
  (9, '{"question": "Apa itu overfitting?", "answer": "Model terlalu cocok dengan data latih dan gagal generalisasi."}', 'https://youtu.be/overfitting'),

  (10, '{"question": "Apa itu white balance?", "answer": "Pengaturan warna putih dalam video agar terlihat alami."}', 'https://youtu.be/wbvideo'),
  (11, '{"question": "Apa itu cut-to-cut editing?", "answer": "Pemotongan langsung antara dua scene tanpa transisi."}', 'https://youtu.be/cuttocut');


-- Seed data for pembayaran (lowercase)

INSERT INTO pembayaran (metode_pembayaran) VALUES
  ('bca'),
  ('mandiri'),
  ('shopeepay'),
  ('dana'),
  ('ovo'),
  ('gopay'),
  ('bri'),
  ('bni'),
  ('linkaja');

-- Seed data for review (linked to user_id and produk_id)

INSERT INTO review (user_id, produk_id, review, rating) VALUES
  -- 🟢 1 review for produk 1
  (
    1,
    1,
    'Materi desain UI/UX-nya benar-benar membantu saya memahami proses dari wireframe hingga prototyping. Tutor menjelaskan dengan sangat runtut dan mudah diikuti.',
    5
  ),

  -- 🟢 3 reviews for produk 2
  (
    2,
    2,
    'Kelas ini sangat cocok untuk pemula yang ingin belajar React. Proyek akhirnya menantang tapi bermanfaat. Saya jadi lebih percaya diri membuat aplikasi sendiri.',
    5
  ),
  (
    3,
    2,
    'Cukup informatif, meski bagian state management agak cepat dijelaskan. Tapi secara keseluruhan, materi dan struktur kelasnya bagus.',
    4
  ),
  (
    4,
    2,
    'Penjelasan tutor bagus, tapi saya berharap ada lebih banyak sesi praktik langsung. Beberapa bagian terasa terlalu teoritis.',
    3
  ),

  -- 🟢 2 reviews for produk 3
  (
    5,
    3,
    'Kelas ini membuka wawasan saya tentang digital marketing modern. Banyak strategi yang bisa langsung diterapkan, terutama di Instagram dan Tiktok.',
    4
  ),
  (
    1,
    3,
    'Materinya lumayan, tapi saya merasa visual presentasinya terlalu sederhana. Bisa ditingkatkan lagi di bagian desain slide.',
    3
  );
